[
  {
    "model": "auth.user",
    "pk": 1,
    "fields": {
      "password": "pbkdf2_sha256$1000000$x0yqdtykkhh7KOcece2JzS$x2O2x3XNBkRgpd0GlU72caocJGBMM+WX3uW2a2ON0ZI=",
      "last_login": null,
      "is_superuser": false,
      "username": "demo_student",
      "first_name": "",
      "last_name": "",
      "email": "demo@example.com",
      "is_staff": false,
      "is_active": true,
      "date_joined": "2026-06-10T09:00:00.000Z",
      "groups": [],
      "user_permissions": []
    }
  },
  {
    "model": "vocabulary.category",
    "pk": 1,
    "fields": {
      "name": "Core vocabulary",
      "slug": "core-vocabulary",
      "description": ""
    }
  },
  {
    "model": "vocabulary.category",
    "pk": 2,
    "fields": {
      "name": "Communication",
      "slug": "communication",
      "description": ""
    }
  },
  {
    "model": "vocabulary.category",
    "pk": 3,
    "fields": {
      "name": "Study and work",
      "slug": "study-and-work",
      "description": ""
    }
  },
  {
    "model": "vocabulary.category",
    "pk": 4,
    "fields": {
      "name": "Technology",
      "slug": "technology",
      "description": ""
    }
  },
  {
    "model": "vocabulary.category",
    "pk": 5,
    "fields": {
      "name": "Academic skills",
      "slug": "academic-skills",
      "description": ""
    }
  },
  {
    "model": "vocabulary.word",
    "pk": 1,
    "fields": {
      "english": "apple",
      "translation": "—Ź–Ī–Ľ–ĺ–ļ–ĺ",
      "transcription": "[ňą√¶p…ôl]",
      "example": "I eat an apple every morning.",
      "level": "A1",
      "part_of_speech": "noun",
      "category": 1,
      "created_by": 1,
      "created_at": "2026-06-10T09:00:00.000Z",
      "updated_at": "2026-06-10T09:00:00.000Z"
    }
  },
  {
    "model": "vocabulary.word",
    "pk": 2,
    "fields": {
      "english": "house",
      "translation": "–ī–ĺ–ľ",
      "transcription": "[ha äs]",
      "example": "The house has a small garden.",
      "level": "A1",
      "part_of_speech": "noun",
      "category": 1,
      "created_by": 1,
      "created_at": "2026-06-10T09:00:00.000Z",
      "updated_at": "2026-06-10T09:00:00.000Z"
    }
  },
  {
    "model": "vocabulary.word",
    "pk": 3,
    "fields": {
      "english": "family",
      "translation": "—Ā–Ķ–ľ—Ć—Ź",
      "transcription": "[ňąf√¶m…ôli]",
      "example": "My family lives in this city.",
      "level": "A1",
      "part_of_speech": "noun",
      "category": 1,
      "created_by": 1,
      "created_at": "2026-06-10T09:00:00.000Z",
      "updated_at": "2026-06-10T09:00:00.000Z"
    }
  },
  {
    "model": "vocabulary.word",
    "pk": 4,
    "fields": {
      "english": "friend",
      "translation": "–ī—Ä—É–≥",
      "transcription": "[frend]",
      "example": "My friend helps me study English.",
      "level": "A1",
      "part_of_speech": "noun",
      "category": 2,
      "created_by": 1,
      "created_at": "2026-06-10T09:00:00.000Z",
      "updated_at": "2026-06-10T09:00:00.000Z"
    }
  },
  {
    "model": "vocabulary.word",
    "pk": 5,
    "fields": {
      "english": "school",
      "translation": "—ą–ļ–ĺ–Ľ–į",
      "transcription": "[skuňźl]",
      "example": "The school is near the park.",
      "level": "A1",
      "part_of_speech": "noun",
      "category": 3,
      "created_by": 1,
      "created_at": "2026-06-10T09:00:00.000Z",
      "updated_at": "2026-06-10T09:00:00.000Z"
    }
  },
  {
    "model": "vocabulary.word",
    "pk": 6,
    "fields": {
      "english": "book",
      "translation": "–ļ–Ĺ–ł–≥–į",
      "transcription": "[b äk]",
      "example": "This book is easy to read.",
      "level": "A1",
      "part_of_speech": "noun",
      "category": 3,
      "created_by": 1,
      "created_at": "2026-06-10T09:00:00.000Z",
      "updated_at": "2026-06-10T09:00:00.000Z"
    }
  },
  {
    "model": "vocabulary.word",
    "pk": 7,
    "fields": {
      "english": "water",
      "translation": "–≤–ĺ–ī–į",
      "transcription": "[ňąw…Ēňźt…ô]",
      "example": "Water is important for health.",
      "level": "A1",
      "part_of_speech": "noun",
      "category": 1,
      "created_by": 1,
      "created_at": "2026-06-10T09:00:00.000Z",
      "updated_at": "2026-06-10T09:00:00.000Z"
    }
  },
  {
    "model": "vocabulary.word",
    "pk": 8,
    "fields": {
      "english": "city",
      "translation": "–≥–ĺ—Ä–ĺ–ī",
      "transcription": "[ňąs…™ti]",
      "example": "The city is large and busy.",
      "level": "A1",
      "part_of_speech": "noun",
      "category": 1,
      "created_by": 1,
      "created_at": "2026-06-10T09:00:00.000Z",
      "updated_at": "2026-06-10T09:00:00.000Z"
    }
  },
  {
    "model": "vocabulary.word",
    "pk": 9,
    "fields": {
      "english": "food",
      "translation": "–Ķ–ī–į",
      "transcription": "[fuňźd]",
      "example": "The food is fresh.",
      "level": "A1",
      "part_of_speech": "noun",
      "category": 1,
      "created_by": 1,
      "created_at": "2026-06-10T09:00:00.000Z",
      "updated_at": "2026-06-10T09:00:00.000Z"
    }
  },
  {
    "model": "vocabulary.word",
    "pk": 10,
    "fields": {
      "english": "weather",
      "translation": "–Ņ–ĺ–≥–ĺ–ī–į",
      "transcription": "[ňąwe√į…ô]",
      "example": "The weather is sunny today.",
      "level": "A1",
      "part_of_speech": "noun",
      "category": 1,
      "created_by": 1,
      "created_at": "2026-06-10T09:00:00.000Z",
      "updated_at": "2026-06-10T09:00:00.000Z"
    }
  },
  {
    "model": "vocabulary.word",
    "pk": 11,
    "fields": {
      "english": "morning",
      "translation": "—É—ā—Ä–ĺ",
      "transcription": "[ňąm…Ēňźn…™Ňč]",
      "example": "I study in the morning.",
      "level": "A1",
      "part_of_speech": "noun",
      "category": 1,
      "created_by": 1,
      "created_at": "2026-06-10T09:00:00.000Z",
      "updated_at": "2026-06-10T09:00:00.000Z"
    }
  },
  {
    "model": "vocabulary.word",
    "pk": 12,
    "fields": {
      "english": "lesson",
      "translation": "—É—Ä–ĺ–ļ",
      "transcription": "[ňąles…ôn]",
      "example": "The lesson starts at nine.",
      "level": "A1",
      "part_of_speech": "noun",
      "category": 3,
      "created_by": 1,
      "created_at": "2026-06-10T09:00:00.000Z",
      "updated_at": "2026-06-10T09:00:00.000Z"
    }
  },
  {
    "model": "vocabulary.word",
    "pk": 13,
    "fields": {
      "english": "habit",
      "translation": "–Ņ—Ä–ł–≤—č—á–ļ–į",
      "transcription": "[ňąh√¶b…™t]",
      "example": "Reading every day is a useful habit.",
      "level": "A2",
      "part_of_speech": "noun",
      "category": 1,
      "created_by": 1,
      "created_at": "2026-06-10T09:00:00.000Z",
      "updated_at": "2026-06-10T09:00:00.000Z"
    }
  },
  {
    "model": "vocabulary.word",
    "pk": 14,
    "fields": {
      "english": "journey",
      "translation": "–Ņ—É—ā–Ķ—ą–Ķ—Ā—ā–≤–ł–Ķ",
      "transcription": "[ňąd í…úňźni]",
      "example": "The journey took three hours.",
      "level": "A2",
      "part_of_speech": "noun",
      "category": 1,
      "created_by": 1,
      "created_at": "2026-06-10T09:00:00.000Z",
      "updated_at": "2026-06-10T09:00:00.000Z"
    }
  },
  {
    "model": "vocabulary.word",
    "pk": 15,
    "fields": {
      "english": "choice",
      "translation": "–≤—č–Ī–ĺ—Ä",
      "transcription": "[t É…Ē…™s]",
      "example": "You have a choice between two options.",
      "level": "A2",
      "part_of_speech": "noun",
      "category": 2,
      "created_by": 1,
      "created_at": "2026-06-10T09:00:00.000Z",
      "updated_at": "2026-06-10T09:00:00.000Z"
    }
  },
  {
    "model": "vocabulary.word",
    "pk": 16,
    "fields": {
      "english": "schedule",
      "translation": "—Ä–į—Ā–Ņ–ł—Ā–į–Ĺ–ł–Ķ",
      "transcription": "[ňą Éedjuňźl]",
      "example": "I checked my schedule for tomorrow.",
      "level": "A2",
      "part_of_speech": "noun",
      "category": 3,
      "created_by": 1,
      "created_at": "2026-06-10T09:00:00.000Z",
      "updated_at": "2026-06-10T09:00:00.000Z"
    }
  },
  {
    "model": "vocabulary.word",
    "pk": 17,
    "fields": {
      "english": "skill",
      "translation": "–Ĺ–į–≤—č–ļ",
      "transcription": "[sk…™l]",
      "example": "This course improves your speaking skill.",
      "level": "A2",
      "part_of_speech": "noun",
      "category": 3,
      "created_by": 1,
      "created_at": "2026-06-10T09:00:00.000Z",
      "updated_at": "2026-06-10T09:00:00.000Z"
    }
  },
  {
    "model": "vocabulary.word",
    "pk": 18,
    "fields": {
      "english": "knowledge",
      "translation": "–∑–Ĺ–į–Ĺ–ł–Ķ",
      "transcription": "[ňąn…íl…™d í]",
      "example": "Knowledge grows with practice.",
      "level": "A2",
      "part_of_speech": "noun",
      "category": 5,
      "created_by": 1,
      "created_at": "2026-06-10T09:00:00.000Z",
      "updated_at": "2026-06-10T09:00:00.000Z"
    }
  },
  {
    "model": "vocabulary.word",
    "pk": 19,
    "fields": {
      "english": "improve",
      "translation": "—É–Ľ—É—á—ą–į—ā—Ć",
      "transcription": "[…™mňąpruňźv]",
      "example": "Practice helps improve vocabulary.",
      "level": "A2",
      "part_of_speech": "verb",
      "category": 3,
      "created_by": 1,
      "created_at": "2026-06-10T09:00:00.000Z",
      "updated_at": "2026-06-10T09:00:00.000Z"
    }
  },
  {
    "model": "vocabulary.word",
    "pk": 20,
    "fields": {
      "english": "describe",
      "translation": "–ĺ–Ņ–ł—Ā—č–≤–į—ā—Ć",
      "transcription": "[d…™ňąskra…™b]",
      "example": "Describe the picture in English.",
      "level": "A2",
      "part_of_speech": "verb",
      "category": 2,
      "created_by": 1,
      "created_at": "2026-06-10T09:00:00.000Z",
      "updated_at": "2026-06-10T09:00:00.000Z"
    }
  },
  {
    "model": "vocabulary.word",
    "pk": 21,
    "fields": {
      "english": "explain",
      "translation": "–ĺ–Ī—ä—Ź—Ā–Ĺ—Ź—ā—Ć",
      "transcription": "[…™kňąsple…™n]",
      "example": "Can you explain this rule?",
      "level": "A2",
      "part_of_speech": "verb",
      "category": 2,
      "created_by": 1,
      "created_at": "2026-06-10T09:00:00.000Z",
      "updated_at": "2026-06-10T09:00:00.000Z"
    }
  },
  {
    "model": "vocabulary.word",
    "pk": 22,
    "fields": {
      "english": "prepare",
      "translation": "–≥–ĺ—ā–ĺ–≤–ł—ā—Ć",
      "transcription": "[pr…™ňąpe…ô]",
      "example": "I prepare for the test every evening.",
      "level": "A2",
      "part_of_speech": "verb",
      "category": 3,
      "created_by": 1,
      "created_at": "2026-06-10T09:00:00.000Z",
      "updated_at": "2026-06-10T09:00:00.000Z"
    }
  },
  {
    "model": "vocabulary.word",
    "pk": 23,
    "fields": {
      "english": "question",
      "translation": "–≤–ĺ–Ņ—Ä–ĺ—Ā",
      "transcription": "[ňąkwest É…ôn]",
      "example": "The question is simple.",
      "level": "A2",
      "part_of_speech": "noun",
      "category": 2,
      "created_by": 1,
      "created_at": "2026-06-10T09:00:00.000Z",
      "updated_at": "2026-06-10T09:00:00.000Z"
    }
  },
  {
    "model": "vocabulary.word",
    "pk": 24,
    "fields": {
      "english": "answer",
      "translation": "–ĺ—ā–≤–Ķ—ā",
      "transcription": "[ňą…Ďňźns…ô]",
      "example": "Write your answer in the form.",
      "level": "A2",
      "part_of_speech": "noun",
      "category": 2,
      "created_by": 1,
      "created_at": "2026-06-10T09:00:00.000Z",
      "updated_at": "2026-06-10T09:00:00.000Z"
    }
  },
  {
    "model": "vocabulary.word",
    "pk": 25,
    "fields": {
      "english": "achievement",
      "translation": "–ī–ĺ—Ā—ā–ł–∂–Ķ–Ĺ–ł–Ķ",
      "transcription": "[…ôňąt Éiňźvm…ônt]",
      "example": "Passing the exam was a great achievement.",
      "level": "B1",
      "part_of_speech": "noun",
      "category": 5,
      "created_by": 1,
      "created_at": "2026-06-10T09:00:00.000Z",
      "updated_at": "2026-06-10T09:00:00.000Z"
    }
  },
  {
    "model": "vocabulary.word",
    "pk": 26,
    "fields": {
      "english": "assignment",
      "translation": "–∑–į–ī–į–Ĺ–ł–Ķ",
      "transcription": "[…ôňąsa…™nm…ônt]",
      "example": "The teacher gave us a new assignment.",
      "level": "B1",
      "part_of_speech": "noun",
      "category": 3,
      "created_by": 1,
      "created_at": "2026-06-10T09:00:00.000Z",
      "updated_at": "2026-06-10T09:00:00.000Z"
    }
  },
  {
    "model": "vocabulary.word",
    "pk": 27,
    "fields": {
      "english": "deadline",
      "translation": "—Ā—Ä–ĺ–ļ —Ā–ī–į—á–ł",
      "transcription": "[ňądedla…™n]",
      "example": "The project deadline is next week.",
      "level": "B1",
      "part_of_speech": "noun",
      "category": 3,
      "created_by": 1,
      "created_at": "2026-06-10T09:00:00.000Z",
      "updated_at": "2026-06-10T09:00:00.000Z"
    }
  },
  {
    "model": "vocabulary.word",
    "pk": 28,
    "fields": {
      "english": "requirement",
      "translation": "—ā—Ä–Ķ–Ī–ĺ–≤–į–Ĺ–ł–Ķ",
      "transcription": "[r…™ňąkwa…™…ôm…ônt]",
      "example": "The application meets the main requirement.",
      "level": "B1",
      "part_of_speech": "noun",
      "category": 4,
      "created_by": 1,
      "created_at": "2026-06-10T09:00:00.000Z",
      "updated_at": "2026-06-10T09:00:00.000Z"
    }
  },
  {
    "model": "vocabulary.word",
    "pk": 29,
    "fields": {
      "english": "review",
      "translation": "–Ņ—Ä–ĺ–≤–Ķ—Ä—Ź—ā—Ć",
      "transcription": "[r…™ňąvjuňź]",
      "example": "Please review the report before sending it.",
      "level": "B1",
      "part_of_speech": "verb",
      "category": 3,
      "created_by": 1,
      "created_at": "2026-06-10T09:00:00.000Z",
      "updated_at": "2026-06-10T09:00:00.000Z"
    }
  },
  {
    "model": "vocabulary.word",
    "pk": 30,
    "fields": {
      "english": "discussion",
      "translation": "–ĺ–Ī—Ā—É–∂–ī–Ķ–Ĺ–ł–Ķ",
      "transcription": "[d…™ňąsk Ć É…ôn]",
      "example": "The discussion helped us choose a solution.",
      "level": "B1",
      "part_of_speech": "noun",
      "category": 2,
      "created_by": 1,
      "created_at": "2026-06-10T09:00:00.000Z",
      "updated_at": "2026-06-10T09:00:00.000Z"
    }
  },
  {
    "model": "vocabulary.word",
    "pk": 31,
    "fields": {
      "english": "opportunity",
      "translation": "–≤–ĺ–∑–ľ–ĺ–∂–Ĺ–ĺ—Ā—ā—Ć",
      "transcription": "[ňĆ…íp…ôňątjuňźn…ôti]",
      "example": "This project is a good opportunity to learn.",
      "level": "B1",
      "part_of_speech": "noun",
      "category": 5,
      "created_by": 1,
      "created_at": "2026-06-10T09:00:00.000Z",
      "updated_at": "2026-06-10T09:00:00.000Z"
    }
  },
  {
    "model": "vocabulary.word",
    "pk": 32,
    "fields": {
      "english": "decision",
      "translation": "—Ä–Ķ—ą–Ķ–Ĺ–ł–Ķ",
      "transcription": "[d…™ňąs…™ í…ôn]",
      "example": "The team made a decision.",
      "level": "B1",
      "part_of_speech": "noun",
      "category": 2,
      "created_by": 1,
      "created_at": "2026-06-10T09:00:00.000Z",
      "updated_at": "2026-06-10T09:00:00.000Z"
    }
  },
  {
    "model": "vocabulary.word",
    "pk": 33,
    "fields": {
      "english": "progress",
      "translation": "–Ņ—Ä–ĺ–≥—Ä–Ķ—Ā—Ā",
      "transcription": "[ňąpr…ô ä…°res]",
      "example": "Your progress is visible in the dashboard.",
      "level": "B1",
      "part_of_speech": "noun",
      "category": 5,
      "created_by": 1,
      "created_at": "2026-06-10T09:00:00.000Z",
      "updated_at": "2026-06-10T09:00:00.000Z"
    }
  },
  {
    "model": "vocabulary.word",
    "pk": 34,
    "fields": {
      "english": "resource",
      "translation": "—Ä–Ķ—Ā—É—Ä—Ā",
      "transcription": "[r…™ňąs…Ēňźs]",
      "example": "The website is a useful learning resource.",
      "level": "B1",
      "part_of_speech": "noun",
      "category": 4,
      "created_by": 1,
      "created_at": "2026-06-10T09:00:00.000Z",
      "updated_at": "2026-06-10T09:00:00.000Z"
    }
  },
  {
    "model": "vocabulary.word",
    "pk": 35,
    "fields": {
      "english": "responsibility",
      "translation": "–ĺ—ā–≤–Ķ—ā—Ā—ā–≤–Ķ–Ĺ–Ĺ–ĺ—Ā—ā—Ć",
      "transcription": "[r…™ňĆsp…íns…ôňąb…™l…ôti]",
      "example": "Responsibility is important in teamwork.",
      "level": "B1",
      "part_of_speech": "noun",
      "category": 3,
      "created_by": 1,
      "created_at": "2026-06-10T09:00:00.000Z",
      "updated_at": "2026-06-10T09:00:00.000Z"
    }
  },
  {
    "model": "vocabulary.word",
    "pk": 36,
    "fields": {
      "english": "confidence",
      "translation": "—É–≤–Ķ—Ä–Ķ–Ĺ–Ĺ–ĺ—Ā—ā—Ć",
      "transcription": "[ňąk…ínf…™d…ôns]",
      "example": "Practice builds confidence.",
      "level": "B1",
      "part_of_speech": "noun",
      "category": 5,
      "created_by": 1,
      "created_at": "2026-06-10T09:00:00.000Z",
      "updated_at": "2026-06-10T09:00:00.000Z"
    }
  },
  {
    "model": "vocabulary.word",
    "pk": 37,
    "fields": {
      "english": "analysis",
      "translation": "–į–Ĺ–į–Ľ–ł–∑",
      "transcription": "[…ôňąn√¶l…ôs…™s]",
      "example": "The analysis shows user progress.",
      "level": "B2",
      "part_of_speech": "noun",
      "category": 5,
      "created_by": 1,
      "created_at": "2026-06-10T09:00:00.000Z",
      "updated_at": "2026-06-10T09:00:00.000Z"
    }
  },
  {
    "model": "vocabulary.word",
    "pk": 38,
    "fields": {
      "english": "argument",
      "translation": "–į—Ä–≥—É–ľ–Ķ–Ĺ—ā",
      "transcription": "[ňą…Ďňź…°j…ôm…ônt]",
      "example": "A strong argument needs evidence.",
      "level": "B2",
      "part_of_speech": "noun",
      "category": 5,
      "created_by": 1,
      "created_at": "2026-06-10T09:00:00.000Z",
      "updated_at": "2026-06-10T09:00:00.000Z"
    }
  },
  {
    "model": "vocabulary.word",
    "pk": 39,
    "fields": {
      "english": "evidence",
      "translation": "–ī–ĺ–ļ–į–∑–į—ā–Ķ–Ľ—Ć—Ā—ā–≤–ĺ",
      "transcription": "[ňąev…™d…ôns]",
      "example": "Evidence supports the conclusion.",
      "level": "B2",
      "part_of_speech": "noun",
      "category": 5,
      "created_by": 1,
      "created_at": "2026-06-10T09:00:00.000Z",
      "updated_at": "2026-06-10T09:00:00.000Z"
    }
  },
  {
    "model": "vocabulary.word",
    "pk": 40,
    "fields": {
      "english": "implementation",
      "translation": "—Ä–Ķ–į–Ľ–ł–∑–į—Ü–ł—Ź",
      "transcription": "[ňĆ…™mpl…™menňąte…™ É…ôn]",
      "example": "The implementation uses Django views.",
      "level": "B2",
      "part_of_speech": "noun",
      "category": 4,
      "created_by": 1,
      "created_at": "2026-06-10T09:00:00.000Z",
      "updated_at": "2026-06-10T09:00:00.000Z"
    }
  },
  {
    "model": "vocabulary.word",
    "pk": 41,
    "fields": {
      "english": "integration",
      "translation": "–ł–Ĺ—ā–Ķ–≥—Ä–į—Ü–ł—Ź",
      "transcription": "[ňĆ…™nt…™ňą…°re…™ É…ôn]",
      "example": "Integration connects the interface and database.",
      "level": "B2",
      "part_of_speech": "noun",
      "category": 4,
      "created_by": 1,
      "created_at": "2026-06-10T09:00:00.000Z",
      "updated_at": "2026-06-10T09:00:00.000Z"
    }
  },
  {
    "model": "vocabulary.word",
    "pk": 42,
    "fields": {
      "english": "maintenance",
      "translation": "—Ā–ĺ–Ņ—Ä–ĺ–≤–ĺ–∂–ī–Ķ–Ĺ–ł–Ķ",
      "transcription": "[ňąme…™nt…ôn…ôns]",
      "example": "Maintenance keeps the project stable.",
      "level": "B2",
      "part_of_speech": "noun",
      "category": 4,
      "created_by": 1,
      "created_at": "2026-06-10T09:00:00.000Z",
      "updated_at": "2026-06-10T09:00:00.000Z"
    }
  },
  {
    "model": "vocabulary.word",
    "pk": 43,
    "fields": {
      "english": "performance",
      "translation": "–Ņ—Ä–ĺ–ł–∑–≤–ĺ–ī–ł—ā–Ķ–Ľ—Ć–Ĺ–ĺ—Ā—ā—Ć",
      "transcription": "[p…ôňąf…Ēňźm…ôns]",
      "example": "Performance affects user experience.",
      "level": "B2",
      "part_of_speech": "noun",
      "category": 4,
      "created_by": 1,
      "created_at": "2026-06-10T09:00:00.000Z",
      "updated_at": "2026-06-10T09:00:00.000Z"
    }
  },
  {
    "model": "vocabulary.word",
    "pk": 44,
    "fields": {
      "english": "reliability",
      "translation": "–Ĺ–į–ī–Ķ–∂–Ĺ–ĺ—Ā—ā—Ć",
      "transcription": "[r…™ňĆla…™…ôňąb…™l…ôti]",
      "example": "Reliability is important for web applications.",
      "level": "B2",
      "part_of_speech": "noun",
      "category": 4,
      "created_by": 1,
      "created_at": "2026-06-10T09:00:00.000Z",
      "updated_at": "2026-06-10T09:00:00.000Z"
    }
  },
  {
    "model": "vocabulary.word",
    "pk": 45,
    "fields": {
      "english": "strategy",
      "translation": "—Ā—ā—Ä–į—ā–Ķ–≥–ł—Ź",
      "transcription": "[ňąstr√¶t…ôd íi]",
      "example": "The strategy defines the learning path.",
      "level": "B2",
      "part_of_speech": "noun",
      "category": 5,
      "created_by": 1,
      "created_at": "2026-06-10T09:00:00.000Z",
      "updated_at": "2026-06-10T09:00:00.000Z"
    }
  },
  {
    "model": "vocabulary.word",
    "pk": 46,
    "fields": {
      "english": "evaluation",
      "translation": "–ĺ—Ü–Ķ–Ĺ–ł–≤–į–Ĺ–ł–Ķ",
      "transcription": "[…™ňĆv√¶ljuňąe…™ É…ôn]",
      "example": "Evaluation helps measure the result.",
      "level": "B2",
      "part_of_speech": "noun",
      "category": 5,
      "created_by": 1,
      "created_at": "2026-06-10T09:00:00.000Z",
      "updated_at": "2026-06-10T09:00:00.000Z"
    }
  },
  {
    "model": "vocabulary.word",
    "pk": 47,
    "fields": {
      "english": "feedback",
      "translation": "–ĺ–Ī—Ä–į—ā–Ĺ–į—Ź —Ā–≤—Ź–∑—Ć",
      "transcription": "[ňąfiňźdb√¶k]",
      "example": "Feedback helps improve the answer.",
      "level": "B2",
      "part_of_speech": "noun",
      "category": 2,
      "created_by": 1,
      "created_at": "2026-06-10T09:00:00.000Z",
      "updated_at": "2026-06-10T09:00:00.000Z"
    }
  },
  {
    "model": "vocabulary.word",
    "pk": 48,
    "fields": {
      "english": "objective",
      "translation": "—Ü–Ķ–Ľ—Ć",
      "transcription": "[…ôbňąd íekt…™v]",
      "example": "The objective is clear and measurable.",
      "level": "B2",
      "part_of_speech": "noun",
      "category": 5,
      "created_by": 1,
      "created_at": "2026-06-10T09:00:00.000Z",
      "updated_at": "2026-06-10T09:00:00.000Z"
    }
  },
  {
    "model": "vocabulary.word",
    "pk": 49,
    "fields": {
      "english": "abstraction",
      "translation": "–į–Ī—Ā—ā—Ä–į–ļ—Ü–ł—Ź",
      "transcription": "[√¶bňąstr√¶k É…ôn]",
      "example": "Abstraction simplifies complex logic.",
      "level": "C1",
      "part_of_speech": "noun",
      "category": 4,
      "created_by": 1,
      "created_at": "2026-06-10T09:00:00.000Z",
      "updated_at": "2026-06-10T09:00:00.000Z"
    }
  },
  {
    "model": "vocabulary.word",
    "pk": 50,
    "fields": {
      "english": "interoperability",
      "translation": "—Ā–ĺ–≤–ľ–Ķ—Ā—ā–ł–ľ–ĺ—Ā—ā—Ć —Ā–ł—Ā—ā–Ķ–ľ",
      "transcription": "[ňĆ…™nt…ôr…íp…ôr…ôňąb…™l…ôti]",
      "example": "Interoperability allows systems to exchange data.",
      "level": "C1",
      "part_of_speech": "noun",
      "category": 4,
      "created_by": 1,
      "created_at": "2026-06-10T09:00:00.000Z",
      "updated_at": "2026-06-10T09:00:00.000Z"
    }
  },
  {
    "model": "vocabulary.word",
    "pk": 51,
    "fields": {
      "english": "scalability",
      "translation": "–ľ–į—Ā—ą—ā–į–Ī–ł—Ä—É–Ķ–ľ–ĺ—Ā—ā—Ć",
      "transcription": "[ňĆske…™l…ôňąb…™l…ôti]",
      "example": "Scalability matters for growing services.",
      "level": "C1",
      "part_of_speech": "noun",
      "category": 4,
      "created_by": 1,
      "created_at": "2026-06-10T09:00:00.000Z",
      "updated_at": "2026-06-10T09:00:00.000Z"
    }
  },
  {
    "model": "vocabulary.word",
    "pk": 52,
    "fields": {
      "english": "optimization",
      "translation": "–ĺ–Ņ—ā–ł–ľ–ł–∑–į—Ü–ł—Ź",
      "transcription": "[ňĆ…ípt…™ma…™ňąze…™ É…ôn]",
      "example": "Optimization reduces unnecessary work.",
      "level": "C1",
      "part_of_speech": "noun",
      "category": 4,
      "created_by": 1,
      "created_at": "2026-06-10T09:00:00.000Z",
      "updated_at": "2026-06-10T09:00:00.000Z"
    }
  },
  {
    "model": "vocabulary.word",
    "pk": 53,
    "fields": {
      "english": "authentication",
      "translation": "–į—É—ā–Ķ–Ĺ—ā–ł—Ą–ł–ļ–į—Ü–ł—Ź",
      "transcription": "[…ĒňźňĆőłent…™ňąke…™ É…ôn]",
      "example": "Authentication confirms the user identity.",
      "level": "C1",
      "part_of_speech": "noun",
      "category": 4,
      "created_by": 1,
      "created_at": "2026-06-10T09:00:00.000Z",
      "updated_at": "2026-06-10T09:00:00.000Z"
    }
  },
  {
    "model": "vocabulary.word",
    "pk": 54,
    "fields": {
      "english": "authorization",
      "translation": "–į–≤—ā–ĺ—Ä–ł–∑–į—Ü–ł—Ź",
      "transcription": "[ňĆ…Ēňźőł…ôra…™ňąze…™ É…ôn]",
      "example": "Authorization checks access rights.",
      "level": "C1",
      "part_of_speech": "noun",
      "category": 4,
      "created_by": 1,
      "created_at": "2026-06-10T09:00:00.000Z",
      "updated_at": "2026-06-10T09:00:00.000Z"
    }
  },
  {
    "model": "vocabulary.word",
    "pk": 55,
    "fields": {
      "english": "consistency",
      "translation": "—Ā–ĺ–≥–Ľ–į—Ā–ĺ–≤–į–Ĺ–Ĺ–ĺ—Ā—ā—Ć",
      "transcription": "[k…ônňąs…™st…ônsi]",
      "example": "Consistency makes data predictable.",
      "level": "C1",
      "part_of_speech": "noun",
      "category": 4,
      "created_by": 1,
      "created_at": "2026-06-10T09:00:00.000Z",
      "updated_at": "2026-06-10T09:00:00.000Z"
    }
  },
  {
    "model": "vocabulary.word",
    "pk": 56,
    "fields": {
      "english": "methodology",
      "translation": "–ľ–Ķ—ā–ĺ–ī–ĺ–Ľ–ĺ–≥–ł—Ź",
      "transcription": "[ňĆmeőł…ôňąd…íl…ôd íi]",
      "example": "The methodology describes the project approach.",
      "level": "C1",
      "part_of_speech": "noun",
      "category": 5,
      "created_by": 1,
      "created_at": "2026-06-10T09:00:00.000Z",
      "updated_at": "2026-06-10T09:00:00.000Z"
    }
  },
  {
    "model": "vocabulary.word",
    "pk": 57,
    "fields": {
      "english": "paradigm",
      "translation": "–Ņ–į—Ä–į–ī–ł–≥–ľ–į",
      "transcription": "[ňąp√¶r…ôda…™m]",
      "example": "A paradigm shapes how developers solve problems.",
      "level": "C1",
      "part_of_speech": "noun",
      "category": 5,
      "created_by": 1,
      "created_at": "2026-06-10T09:00:00.000Z",
      "updated_at": "2026-06-10T09:00:00.000Z"
    }
  },
  {
    "model": "vocabulary.word",
    "pk": 58,
    "fields": {
      "english": "proficiency",
      "translation": "–≤–Ľ–į–ī–Ķ–Ĺ–ł–Ķ —Ź–∑—č–ļ–ĺ–ľ",
      "transcription": "[pr…ôňąf…™ É…ônsi]",
      "example": "Language proficiency grows with practice.",
      "level": "C1",
      "part_of_speech": "noun",
      "category": 5,
      "created_by": 1,
      "created_at": "2026-06-10T09:00:00.000Z",
      "updated_at": "2026-06-10T09:00:00.000Z"
    }
  },
  {
    "model": "vocabulary.word",
    "pk": 59,
    "fields": {
      "english": "resilience",
      "translation": "—É—Ā—ā–ĺ–Ļ—á–ł–≤–ĺ—Ā—ā—Ć",
      "transcription": "[r…™ňąz…™li…ôns]",
      "example": "Resilience helps a system recover from errors.",
      "level": "C1",
      "part_of_speech": "noun",
      "category": 4,
      "created_by": 1,
      "created_at": "2026-06-10T09:00:00.000Z",
      "updated_at": "2026-06-10T09:00:00.000Z"
    }
  },
  {
    "model": "vocabulary.word",
    "pk": 60,
    "fields": {
      "english": "taxonomy",
      "translation": "–ļ–Ľ–į—Ā—Ā–ł—Ą–ł–ļ–į—Ü–ł—Ź",
      "transcription": "[t√¶kňąs…ín…ômi]",
      "example": "A taxonomy organizes vocabulary by levels.",
      "level": "C1",
      "part_of_speech": "noun",
      "category": 5,
      "created_by": 1,
      "created_at": "2026-06-10T09:00:00.000Z",
      "updated_at": "2026-06-10T09:00:00.000Z"
    }
  },
  {
    "model": "vocabulary.word",
    "pk": 61,
    "fields": {
      "english": "car",
      "translation": "–ľ–į—ą–ł–Ĺ–į",
      "transcription": "[k…Ďňź]",
      "example": "The car is parked near the house.",
      "level": "A1",
      "part_of_speech": "noun",
      "category": 1,
      "created_by": 1,
      "created_at": "2026-06-10T09:00:00.000Z",
      "updated_at": "2026-06-10T09:00:00.000Z"
    }
  },
  {
    "model": "vocabulary.word",
    "pk": 62,
    "fields": {
      "english": "time",
      "translation": "–≤—Ä–Ķ–ľ—Ź",
      "transcription": "[ta…™m]",
      "example": "Time is important during the test.",
      "level": "A1",
      "part_of_speech": "noun",
      "category": 1,
      "created_by": 1,
      "created_at": "2026-06-10T09:00:00.000Z",
      "updated_at": "2026-06-10T09:00:00.000Z"
    }
  },
  {
    "model": "vocabulary.word",
    "pk": 63,
    "fields": {
      "english": "phone",
      "translation": "—ā–Ķ–Ľ–Ķ—Ą–ĺ–Ĺ",
      "transcription": "[f…ô än]",
      "example": "I use my phone to read new words.",
      "level": "A1",
      "part_of_speech": "noun",
      "category": 4,
      "created_by": 1,
      "created_at": "2026-06-10T09:00:00.000Z",
      "updated_at": "2026-06-10T09:00:00.000Z"
    }
  },
  {
    "model": "vocabulary.word",
    "pk": 64,
    "fields": {
      "english": "plan",
      "translation": "–Ņ–Ľ–į–Ĺ",
      "transcription": "[pl√¶n]",
      "example": "A good plan helps with learning.",
      "level": "A2",
      "part_of_speech": "noun",
      "category": 3,
      "created_by": 1,
      "created_at": "2026-06-10T09:00:00.000Z",
      "updated_at": "2026-06-10T09:00:00.000Z"
    }
  },
  {
    "model": "vocabulary.word",
    "pk": 65,
    "fields": {
      "english": "message",
      "translation": "—Ā–ĺ–ĺ–Ī—Č–Ķ–Ĺ–ł–Ķ",
      "transcription": "[ňąmes…™d í]",
      "example": "I wrote a short message.",
      "level": "A2",
      "part_of_speech": "noun",
      "category": 2,
      "created_by": 1,
      "created_at": "2026-06-10T09:00:00.000Z",
      "updated_at": "2026-06-10T09:00:00.000Z"
    }
  },
  {
    "model": "vocabulary.word",
    "pk": 66,
    "fields": {
      "english": "result",
      "translation": "—Ä–Ķ–∑—É–Ľ—Ć—ā–į—ā",
      "transcription": "[r…™ňąz Ćlt]",
      "example": "The result appears after the test.",
      "level": "A2",
      "part_of_speech": "noun",
      "category": 5,
      "created_by": 1,
      "created_at": "2026-06-10T09:00:00.000Z",
      "updated_at": "2026-06-10T09:00:00.000Z"
    }
  },
  {
    "model": "vocabulary.word",
    "pk": 67,
    "fields": {
      "english": "project",
      "translation": "–Ņ—Ä–ĺ–Ķ–ļ—ā",
      "transcription": "[ňąpr…íd íekt]",
      "example": "The project is ready for presentation.",
      "level": "B1",
      "part_of_speech": "noun",
      "category": 3,
      "created_by": 1,
      "created_at": "2026-06-10T09:00:00.000Z",
      "updated_at": "2026-06-10T09:00:00.000Z"
    }
  },
  {
    "model": "vocabulary.word",
    "pk": 68,
    "fields": {
      "english": "meeting",
      "translation": "–≤—Ā—ā—Ä–Ķ—á–į",
      "transcription": "[ňąmiňźt…™Ňč]",
      "example": "The meeting starts after lunch.",
      "level": "B1",
      "part_of_speech": "noun",
      "category": 2,
      "created_by": 1,
      "created_at": "2026-06-10T09:00:00.000Z",
      "updated_at": "2026-06-10T09:00:00.000Z"
    }
  },
  {
    "model": "vocabulary.word",
    "pk": 69,
    "fields": {
      "english": "solution",
      "translation": "—Ä–Ķ—ą–Ķ–Ĺ–ł–Ķ –Ņ—Ä–ĺ–Ī–Ľ–Ķ–ľ—č",
      "transcription": "[s…ôňąluňź É…ôn]",
      "example": "The team found a simple solution.",
      "level": "B1",
      "part_of_speech": "noun",
      "category": 3,
      "created_by": 1,
      "created_at": "2026-06-10T09:00:00.000Z",
      "updated_at": "2026-06-10T09:00:00.000Z"
    }
  },
  {
    "model": "vocabulary.word",
    "pk": 70,
    "fields": {
      "english": "accessibility",
      "translation": "–ī–ĺ—Ā—ā—É–Ņ–Ĺ–ĺ—Ā—ā—Ć",
      "transcription": "[…ôkňĆses…ôňąb…™l…ôti]",
      "example": "Accessibility makes the interface easier to use.",
      "level": "B2",
      "part_of_speech": "noun",
      "category": 4,
      "created_by": 1,
      "created_at": "2026-06-10T09:00:00.000Z",
      "updated_at": "2026-06-10T09:00:00.000Z"
    }
  },
  {
    "model": "vocabulary.word",
    "pk": 71,
    "fields": {
      "english": "usability",
      "translation": "—É–ī–ĺ–Ī—Ā—ā–≤–ĺ –ł—Ā–Ņ–ĺ–Ľ—Ć–∑–ĺ–≤–į–Ĺ–ł—Ź",
      "transcription": "[ňĆjuňźz…ôňąb…™l…ôti]",
      "example": "Usability is important for a learning website.",
      "level": "B2",
      "part_of_speech": "noun",
      "category": 4,
      "created_by": 1,
      "created_at": "2026-06-10T09:00:00.000Z",
      "updated_at": "2026-06-10T09:00:00.000Z"
    }
  },
  {
    "model": "vocabulary.word",
    "pk": 72,
    "fields": {
      "english": "validation",
      "translation": "–≤–į–Ľ–ł–ī–į—Ü–ł—Ź",
      "transcription": "[ňĆv√¶l…™ňąde…™ É…ôn]",
      "example": "Validation checks the user input.",
      "level": "B2",
      "part_of_speech": "noun",
      "category": 4,
      "created_by": 1,
      "created_at": "2026-06-10T09:00:00.000Z",
      "updated_at": "2026-06-10T09:00:00.000Z"
    }
  },
  {
    "model": "vocabulary.word",
    "pk": 73,
    "fields": {
      "english": "deployment",
      "translation": "—Ä–į–∑–≤–Ķ—Ä—ā—č–≤–į–Ĺ–ł–Ķ",
      "transcription": "[d…™ňąpl…Ē…™m…ônt]",
      "example": "Deployment prepares the application for users.",
      "level": "C1",
      "part_of_speech": "noun",
      "category": 4,
      "created_by": 1,
      "created_at": "2026-06-10T09:00:00.000Z",
      "updated_at": "2026-06-10T09:00:00.000Z"
    }
  },
  {
    "model": "vocabulary.word",
    "pk": 74,
    "fields": {
      "english": "modularity",
      "translation": "–ľ–ĺ–ī—É–Ľ—Ć–Ĺ–ĺ—Ā—ā—Ć",
      "transcription": "[ňĆm…ídjuňąl√¶r…ôti]",
      "example": "Modularity makes the code easier to maintain.",
      "level": "C1",
      "part_of_speech": "noun",
      "category": 4,
      "created_by": 1,
      "created_at": "2026-06-10T09:00:00.000Z",
      "updated_at": "2026-06-10T09:00:00.000Z"
    }
  },
  {
    "model": "vocabulary.word",
    "pk": 75,
    "fields": {
      "english": "persistence",
      "translation": "—Ā–ĺ—Ö—Ä–į–Ĺ–Ķ–Ĺ–ł–Ķ –ī–į–Ĺ–Ĺ—č—Ö",
      "transcription": "[p…ôňąs…™st…ôns]",
      "example": "Persistence keeps data after the session ends.",
      "level": "C1",
      "part_of_speech": "noun",
      "category": 4,
      "created_by": 1,
      "created_at": "2026-06-10T09:00:00.000Z",
      "updated_at": "2026-06-10T09:00:00.000Z"
    }
  },
  {
    "model": "vocabulary.userword",
    "pk": 1,
    "fields": {
      "user": 1,
      "word": 1,
      "status": "learning",
      "correct_answers": 0,
      "wrong_answers": 0,
      "added_at": "2026-06-10T09:00:00.000Z",
      "last_practiced_at": null
    }
  },
  {
    "model": "vocabulary.userword",
    "pk": 2,
    "fields": {
      "user": 1,
      "word": 2,
      "status": "learning",
      "correct_answers": 0,
      "wrong_answers": 0,
      "added_at": "2026-06-10T09:00:00.000Z",
      "last_practiced_at": null
    }
  },
  {
    "model": "vocabulary.userword",
    "pk": 3,
    "fields": {
      "user": 1,
      "word": 3,
      "status": "learning",
      "correct_answers": 0,
      "wrong_answers": 0,
      "added_at": "2026-06-10T09:00:00.000Z",
      "last_practiced_at": null
    }
  },
  {
    "model": "vocabulary.userword",
    "pk": 4,
    "fields": {
      "user": 1,
      "word": 4,
      "status": "learning",
      "correct_answers": 0,
      "wrong_answers": 0,
      "added_at": "2026-06-10T09:00:00.000Z",
      "last_practiced_at": null
    }
  },
  {
    "model": "vocabulary.userword",
    "pk": 5,
    "fields": {
      "user": 1,
      "word": 5,
      "status": "learning",
      "correct_answers": 0,
      "wrong_answers": 0,
      "added_at": "2026-06-10T09:00:00.000Z",
      "last_practiced_at": null
    }
  },
  {
    "model": "vocabulary.userword",
    "pk": 6,
    "fields": {
      "user": 1,
      "word": 6,
      "status": "learning",
      "correct_answers": 0,
      "wrong_answers": 0,
      "added_at": "2026-06-10T09:00:00.000Z",
      "last_practiced_at": null
    }
  },
  {
    "model": "vocabulary.userword",
    "pk": 7,
    "fields": {
      "user": 1,
      "word": 7,
      "status": "learning",
      "correct_answers": 0,
      "wrong_answers": 0,
      "added_at": "2026-06-10T09:00:00.000Z",
      "last_practiced_at": null
    }
  },
  {
    "model": "vocabulary.userword",
    "pk": 8,
    "fields": {
      "user": 1,
      "word": 8,
      "status": "learning",
      "correct_answers": 0,
      "wrong_answers": 0,
      "added_at": "2026-06-10T09:00:00.000Z",
      "last_practiced_at": null
    }
  },
  {
    "model": "vocabulary.userword",
    "pk": 9,
    "fields": {
      "user": 1,
      "word": 9,
      "status": "learning",
      "correct_answers": 0,
      "wrong_answers": 0,
      "added_at": "2026-06-10T09:00:00.000Z",
      "last_practiced_at": null
    }
  },
  {
    "model": "vocabulary.userword",
    "pk": 10,
    "fields": {
      "user": 1,
      "word": 10,
      "status": "learning",
      "correct_answers": 0,
      "wrong_answers": 0,
      "added_at": "2026-06-10T09:00:00.000Z",
      "last_practiced_at": null
    }
  },
  {
    "model": "vocabulary.userword",
    "pk": 11,
    "fields": {
      "user": 1,
      "word": 11,
      "status": "learning",
      "correct_answers": 0,
      "wrong_answers": 0,
      "added_at": "2026-06-10T09:00:00.000Z",
      "last_practiced_at": null
    }
  },
  {
    "model": "vocabulary.userword",
    "pk": 12,
    "fields": {
      "user": 1,
      "word": 12,
      "status": "learning",
      "correct_answers": 0,
      "wrong_answers": 0,
      "added_at": "2026-06-10T09:00:00.000Z",
      "last_practiced_at": null
    }
  },
  {
    "model": "vocabulary.userword",
    "pk": 13,
    "fields": {
      "user": 1,
      "word": 13,
      "status": "learning",
      "correct_answers": 0,
      "wrong_answers": 0,
      "added_at": "2026-06-10T09:00:00.000Z",
      "last_practiced_at": null
    }
  },
  {
    "model": "vocabulary.userword",
    "pk": 14,
    "fields": {
      "user": 1,
      "word": 14,
      "status": "learning",
      "correct_answers": 0,
      "wrong_answers": 0,
      "added_at": "2026-06-10T09:00:00.000Z",
      "last_practiced_at": null
    }
  },
  {
    "model": "vocabulary.userword",
    "pk": 15,
    "fields": {
      "user": 1,
      "word": 15,
      "status": "learning",
      "correct_answers": 0,
      "wrong_answers": 0,
      "added_at": "2026-06-10T09:00:00.000Z",
      "last_practiced_at": null
    }
  },
  {
    "model": "vocabulary.userword",
    "pk": 16,
    "fields": {
      "user": 1,
      "word": 16,
      "status": "learning",
      "correct_answers": 0,
      "wrong_answers": 0,
      "added_at": "2026-06-10T09:00:00.000Z",
      "last_practiced_at": null
    }
  },
  {
    "model": "vocabulary.userword",
    "pk": 17,
    "fields": {
      "user": 1,
      "word": 17,
      "status": "learning",
      "correct_answers": 0,
      "wrong_answers": 0,
      "added_at": "2026-06-10T09:00:00.000Z",
      "last_practiced_at": null
    }
  },
  {
    "model": "vocabulary.userword",
    "pk": 18,
    "fields": {
      "user": 1,
      "word": 18,
      "status": "learning",
      "correct_answers": 0,
      "wrong_answers": 0,
      "added_at": "2026-06-10T09:00:00.000Z",
      "last_practiced_at": null
    }
  },
  {
    "model": "vocabulary.userword",
    "pk": 19,
    "fields": {
      "user": 1,
      "word": 19,
      "status": "learning",
      "correct_answers": 0,
      "wrong_answers": 0,
      "added_at": "2026-06-10T09:00:00.000Z",
      "last_practiced_at": null
    }
  },
  {
    "model": "vocabulary.userword",
    "pk": 20,
    "fields": {
      "user": 1,
      "word": 20,
      "status": "learning",
      "correct_answers": 0,
      "wrong_answers": 0,
      "added_at": "2026-06-10T09:00:00.000Z",
      "last_practiced_at": null
    }
  },
  {
    "model": "vocabulary.userword",
    "pk": 21,
    "fields": {
      "user": 1,
      "word": 21,
      "status": "learning",
      "correct_answers": 0,
      "wrong_answers": 0,
      "added_at": "2026-06-10T09:00:00.000Z",
      "last_practiced_at": null
    }
  },
  {
    "model": "vocabulary.userword",
    "pk": 22,
    "fields": {
      "user": 1,
      "word": 22,
      "status": "learning",
      "correct_answers": 0,
      "wrong_answers": 0,
      "added_at": "2026-06-10T09:00:00.000Z",
      "last_practiced_at": null
    }
  },
  {
    "model": "vocabulary.userword",
    "pk": 23,
    "fields": {
      "user": 1,
      "word": 23,
      "status": "learning",
      "correct_answers": 0,
      "wrong_answers": 0,
      "added_at": "2026-06-10T09:00:00.000Z",
      "last_practiced_at": null
    }
  },
  {
    "model": "vocabulary.userword",
    "pk": 24,
    "fields": {
      "user": 1,
      "word": 24,
      "status": "learning",
      "correct_answers": 0,
      "wrong_answers": 0,
      "added_at": "2026-06-10T09:00:00.000Z",
      "last_practiced_at": null
    }
  },
  {
    "model": "vocabulary.userword",
    "pk": 25,
    "fields": {
      "user": 1,
      "word": 25,
      "status": "learning",
      "correct_answers": 0,
      "wrong_answers": 0,
      "added_at": "2026-06-10T09:00:00.000Z",
      "last_practiced_at": null
    }
  },
  {
    "model": "vocabulary.userword",
    "pk": 26,
    "fields": {
      "user": 1,
      "word": 26,
      "status": "learning",
      "correct_answers": 0,
      "wrong_answers": 0,
      "added_at": "2026-06-10T09:00:00.000Z",
      "last_practiced_at": null
    }
  },
  {
    "model": "vocabulary.userword",
    "pk": 27,
    "fields": {
      "user": 1,
      "word": 27,
      "status": "learning",
      "correct_answers": 0,
      "wrong_answers": 0,
      "added_at": "2026-06-10T09:00:00.000Z",
      "last_practiced_at": null
    }
  },
  {
    "model": "vocabulary.userword",
    "pk": 28,
    "fields": {
      "user": 1,
      "word": 28,
      "status": "learning",
      "correct_answers": 0,
      "wrong_answers": 0,
      "added_at": "2026-06-10T09:00:00.000Z",
      "last_practiced_at": null
    }
  },
  {
    "model": "vocabulary.userword",
    "pk": 29,
    "fields": {
      "user": 1,
      "word": 29,
      "status": "learning",
      "correct_answers": 0,
      "wrong_answers": 0,
      "added_at": "2026-06-10T09:00:00.000Z",
      "last_practiced_at": null
    }
  },
  {
    "model": "vocabulary.userword",
    "pk": 30,
    "fields": {
      "user": 1,
      "word": 30,
      "status": "learning",
      "correct_answers": 0,
      "wrong_answers": 0,
      "added_at": "2026-06-10T09:00:00.000Z",
      "last_practiced_at": null
    }
  },
  {
    "model": "vocabulary.userword",
    "pk": 31,
    "fields": {
      "user": 1,
      "word": 31,
      "status": "learning",
      "correct_answers": 0,
      "wrong_answers": 0,
      "added_at": "2026-06-10T09:00:00.000Z",
      "last_practiced_at": null
    }
  },
  {
    "model": "vocabulary.userword",
    "pk": 32,
    "fields": {
      "user": 1,
      "word": 32,
      "status": "learning",
      "correct_answers": 0,
      "wrong_answers": 0,
      "added_at": "2026-06-10T09:00:00.000Z",
      "last_practiced_at": null
    }
  },
  {
    "model": "vocabulary.userword",
    "pk": 33,
    "fields": {
      "user": 1,
      "word": 33,
      "status": "learning",
      "correct_answers": 0,
      "wrong_answers": 0,
      "added_at": "2026-06-10T09:00:00.000Z",
      "last_practiced_at": null
    }
  },
  {
    "model": "vocabulary.userword",
    "pk": 34,
    "fields": {
      "user": 1,
      "word": 34,
      "status": "learning",
      "correct_answers": 0,
      "wrong_answers": 0,
      "added_at": "2026-06-10T09:00:00.000Z",
      "last_practiced_at": null
    }
  },
  {
    "model": "vocabulary.userword",
    "pk": 35,
    "fields": {
      "user": 1,
      "word": 35,
      "status": "learning",
      "correct_answers": 0,
      "wrong_answers": 0,
      "added_at": "2026-06-10T09:00:00.000Z",
      "last_practiced_at": null
    }
  },
  {
    "model": "vocabulary.userword",
    "pk": 36,
    "fields": {
      "user": 1,
      "word": 36,
      "status": "learning",
      "correct_answers": 0,
      "wrong_answers": 0,
      "added_at": "2026-06-10T09:00:00.000Z",
      "last_practiced_at": null
    }
  },
  {
    "model": "vocabulary.userword",
    "pk": 37,
    "fields": {
      "user": 1,
      "word": 37,
      "status": "learning",
      "correct_answers": 0,
      "wrong_answers": 0,
      "added_at": "2026-06-10T09:00:00.000Z",
      "last_practiced_at": null
    }
  },
  {
    "model": "vocabulary.userword",
    "pk": 38,
    "fields": {
      "user": 1,
      "word": 38,
      "status": "learning",
      "correct_answers": 0,
      "wrong_answers": 0,
      "added_at": "2026-06-10T09:00:00.000Z",
      "last_practiced_at": null
    }
  },
  {
    "model": "vocabulary.userword",
    "pk": 39,
    "fields": {
      "user": 1,
      "word": 39,
      "status": "learning",
      "correct_answers": 0,
      "wrong_answers": 0,
      "added_at": "2026-06-10T09:00:00.000Z",
      "last_practiced_at": null
    }
  },
  {
    "model": "vocabulary.userword",
    "pk": 40,
    "fields": {
      "user": 1,
      "word": 40,
      "status": "learning",
      "correct_answers": 0,
      "wrong_answers": 0,
      "added_at": "2026-06-10T09:00:00.000Z",
      "last_practiced_at": null
    }
  },
  {
    "model": "vocabulary.userword",
    "pk": 41,
    "fields": {
      "user": 1,
      "word": 41,
      "status": "learning",
      "correct_answers": 0,
      "wrong_answers": 0,
      "added_at": "2026-06-10T09:00:00.000Z",
      "last_practiced_at": null
    }
  },
  {
    "model": "vocabulary.userword",
    "pk": 42,
    "fields": {
      "user": 1,
      "word": 42,
      "status": "learning",
      "correct_answers": 0,
      "wrong_answers": 0,
      "added_at": "2026-06-10T09:00:00.000Z",
      "last_practiced_at": null
    }
  },
  {
    "model": "vocabulary.userword",
    "pk": 43,
    "fields": {
      "user": 1,
      "word": 43,
      "status": "learning",
      "correct_answers": 0,
      "wrong_answers": 0,
      "added_at": "2026-06-10T09:00:00.000Z",
      "last_practiced_at": null
    }
  },
  {
    "model": "vocabulary.userword",
    "pk": 44,
    "fields": {
      "user": 1,
      "word": 44,
      "status": "learning",
      "correct_answers": 0,
      "wrong_answers": 0,
      "added_at": "2026-06-10T09:00:00.000Z",
      "last_practiced_at": null
    }
  },
  {
    "model": "vocabulary.userword",
    "pk": 45,
    "fields": {
      "user": 1,
      "word": 45,
      "status": "learning",
      "correct_answers": 0,
      "wrong_answers": 0,
      "added_at": "2026-06-10T09:00:00.000Z",
      "last_practiced_at": null
    }
  },
  {
    "model": "vocabulary.userword",
    "pk": 46,
    "fields": {
      "user": 1,
      "word": 46,
      "status": "learning",
      "correct_answers": 0,
      "wrong_answers": 0,
      "added_at": "2026-06-10T09:00:00.000Z",
      "last_practiced_at": null
    }
  },
  {
    "model": "vocabulary.userword",
    "pk": 47,
    "fields": {
      "user": 1,
      "word": 47,
      "status": "learning",
      "correct_answers": 0,
      "wrong_answers": 0,
      "added_at": "2026-06-10T09:00:00.000Z",
      "last_practiced_at": null
    }
  },
  {
    "model": "vocabulary.userword",
    "pk": 48,
    "fields": {
      "user": 1,
      "word": 48,
      "status": "learning",
      "correct_answers": 0,
      "wrong_answers": 0,
      "added_at": "2026-06-10T09:00:00.000Z",
      "last_practiced_at": null
    }
  },
  {
    "model": "vocabulary.userword",
    "pk": 49,
    "fields": {
      "user": 1,
      "word": 49,
      "status": "learning",
      "correct_answers": 0,
      "wrong_answers": 0,
      "added_at": "2026-06-10T09:00:00.000Z",
      "last_practiced_at": null
    }
  },
  {
    "model": "vocabulary.userword",
    "pk": 50,
    "fields": {
      "user": 1,
      "word": 50,
      "status": "learning",
      "correct_answers": 0,
      "wrong_answers": 0,
      "added_at": "2026-06-10T09:00:00.000Z",
      "last_practiced_at": null
    }
  },
  {
    "model": "vocabulary.userword",
    "pk": 51,
    "fields": {
      "user": 1,
      "word": 51,
      "status": "learning",
      "correct_answers": 0,
      "wrong_answers": 0,
      "added_at": "2026-06-10T09:00:00.000Z",
      "last_practiced_at": null
    }
  },
  {
    "model": "vocabulary.userword",
    "pk": 52,
    "fields": {
      "user": 1,
      "word": 52,
      "status": "learning",
      "correct_answers": 0,
      "wrong_answers": 0,
      "added_at": "2026-06-10T09:00:00.000Z",
      "last_practiced_at": null
    }
  },
  {
    "model": "vocabulary.userword",
    "pk": 53,
    "fields": {
      "user": 1,
      "word": 53,
      "status": "learning",
      "correct_answers": 0,
      "wrong_answers": 0,
      "added_at": "2026-06-10T09:00:00.000Z",
      "last_practiced_at": null
    }
  },
  {
    "model": "vocabulary.userword",
    "pk": 54,
    "fields": {
      "user": 1,
      "word": 54,
      "status": "learning",
      "correct_answers": 0,
      "wrong_answers": 0,
      "added_at": "2026-06-10T09:00:00.000Z",
      "last_practiced_at": null
    }
  },
  {
    "model": "vocabulary.userword",
    "pk": 55,
    "fields": {
      "user": 1,
      "word": 55,
      "status": "learning",
      "correct_answers": 0,
      "wrong_answers": 0,
      "added_at": "2026-06-10T09:00:00.000Z",
      "last_practiced_at": null
    }
  },
  {
    "model": "vocabulary.userword",
    "pk": 56,
    "fields": {
      "user": 1,
      "word": 56,
      "status": "learning",
      "correct_answers": 0,
      "wrong_answers": 0,
      "added_at": "2026-06-10T09:00:00.000Z",
      "last_practiced_at": null
    }
  },
  {
    "model": "vocabulary.userword",
    "pk": 57,
    "fields": {
      "user": 1,
      "word": 57,
      "status": "learning",
      "correct_answers": 0,
      "wrong_answers": 0,
      "added_at": "2026-06-10T09:00:00.000Z",
      "last_practiced_at": null
    }
  },
  {
    "model": "vocabulary.userword",
    "pk": 58,
    "fields": {
      "user": 1,
      "word": 58,
      "status": "learning",
      "correct_answers": 0,
      "wrong_answers": 0,
      "added_at": "2026-06-10T09:00:00.000Z",
      "last_practiced_at": null
    }
  },
  {
    "model": "vocabulary.userword",
    "pk": 59,
    "fields": {
      "user": 1,
      "word": 59,
      "status": "learning",
      "correct_answers": 0,
      "wrong_answers": 0,
      "added_at": "2026-06-10T09:00:00.000Z",
      "last_practiced_at": null
    }
  },
  {
    "model": "vocabulary.userword",
    "pk": 60,
    "fields": {
      "user": 1,
      "word": 60,
      "status": "learning",
      "correct_answers": 0,
      "wrong_answers": 0,
      "added_at": "2026-06-10T09:00:00.000Z",
      "last_practiced_at": null
    }
  },
  {
    "model": "vocabulary.userword",
    "pk": 61,
    "fields": {
      "user": 1,
      "word": 61,
      "status": "learning",
      "correct_answers": 0,
      "wrong_answers": 0,
      "added_at": "2026-06-10T09:00:00.000Z",
      "last_practiced_at": null
    }
  },
  {
    "model": "vocabulary.userword",
    "pk": 62,
    "fields": {
      "user": 1,
      "word": 62,
      "status": "learning",
      "correct_answers": 0,
      "wrong_answers": 0,
      "added_at": "2026-06-10T09:00:00.000Z",
      "last_practiced_at": null
    }
  },
  {
    "model": "vocabulary.userword",
    "pk": 63,
    "fields": {
      "user": 1,
      "word": 63,
      "status": "learning",
      "correct_answers": 0,
      "wrong_answers": 0,
      "added_at": "2026-06-10T09:00:00.000Z",
      "last_practiced_at": null
    }
  },
  {
    "model": "vocabulary.userword",
    "pk": 64,
    "fields": {
      "user": 1,
      "word": 64,
      "status": "learning",
      "correct_answers": 0,
      "wrong_answers": 0,
      "added_at": "2026-06-10T09:00:00.000Z",
      "last_practiced_at": null
    }
  },
  {
    "model": "vocabulary.userword",
    "pk": 65,
    "fields": {
      "user": 1,
      "word": 65,
      "status": "learning",
      "correct_answers": 0,
      "wrong_answers": 0,
      "added_at": "2026-06-10T09:00:00.000Z",
      "last_practiced_at": null
    }
  },
  {
    "model": "vocabulary.userword",
    "pk": 66,
    "fields": {
      "user": 1,
      "word": 66,
      "status": "learning",
      "correct_answers": 0,
      "wrong_answers": 0,
      "added_at": "2026-06-10T09:00:00.000Z",
      "last_practiced_at": null
    }
  },
  {
    "model": "vocabulary.userword",
    "pk": 67,
    "fields": {
      "user": 1,
      "word": 67,
      "status": "learning",
      "correct_answers": 0,
      "wrong_answers": 0,
      "added_at": "2026-06-10T09:00:00.000Z",
      "last_practiced_at": null
    }
  },
  {
    "model": "vocabulary.userword",
    "pk": 68,
    "fields": {
      "user": 1,
      "word": 68,
      "status": "learning",
      "correct_answers": 0,
      "wrong_answers": 0,
      "added_at": "2026-06-10T09:00:00.000Z",
      "last_practiced_at": null
    }
  },
  {
    "model": "vocabulary.userword",
    "pk": 69,
    "fields": {
      "user": 1,
      "word": 69,
      "status": "learning",
      "correct_answers": 0,
      "wrong_answers": 0,
      "added_at": "2026-06-10T09:00:00.000Z",
      "last_practiced_at": null
    }
  },
  {
    "model": "vocabulary.userword",
    "pk": 70,
    "fields": {
      "user": 1,
      "word": 70,
      "status": "learning",
      "correct_answers": 0,
      "wrong_answers": 0,
      "added_at": "2026-06-10T09:00:00.000Z",
      "last_practiced_at": null
    }
  },
  {
    "model": "vocabulary.userword",
    "pk": 71,
    "fields": {
      "user": 1,
      "word": 71,
      "status": "learning",
      "correct_answers": 0,
      "wrong_answers": 0,
      "added_at": "2026-06-10T09:00:00.000Z",
      "last_practiced_at": null
    }
  },
  {
    "model": "vocabulary.userword",
    "pk": 72,
    "fields": {
      "user": 1,
      "word": 72,
      "status": "learning",
      "correct_answers": 0,
      "wrong_answers": 0,
      "added_at": "2026-06-10T09:00:00.000Z",
      "last_practiced_at": null
    }
  },
  {
    "model": "vocabulary.userword",
    "pk": 73,
    "fields": {
      "user": 1,
      "word": 73,
      "status": "learning",
      "correct_answers": 0,
      "wrong_answers": 0,
      "added_at": "2026-06-10T09:00:00.000Z",
      "last_practiced_at": null
    }
  },
  {
    "model": "vocabulary.userword",
    "pk": 74,
    "fields": {
      "user": 1,
      "word": 74,
      "status": "learning",
      "correct_answers": 0,
      "wrong_answers": 0,
      "added_at": "2026-06-10T09:00:00.000Z",
      "last_practiced_at": null
    }
  },
  {
    "model": "vocabulary.userword",
    "pk": 75,
    "fields": {
      "user": 1,
      "word": 75,
      "status": "learning",
      "correct_answers": 0,
      "wrong_answers": 0,
      "added_at": "2026-06-10T09:00:00.000Z",
      "last_practiced_at": null
    }
  }
]